Epoch,loss,accuracy,validation loss,validation accuracy
1,1.39460027217865,0.49727998673915863,1.2045662701129913,0.5648600161075592
2,1.067891925573349,0.6216000020503998,1.014161467552185,0.6449200212955475
